{
  "cam": [
    424.6,
    424.9,
    424.1,
    240.2
  ],
  "dist": [
    -0.04245471,
    0.04096,
    0.000361,
    -0.00211,
    0.0
  ],
  "pp": [
    190.203547,
    27.32496,
    3.241379,
    38.632976
  ],
  "detect": [
    0.5,
    0.5,
    0.5,
    0.00392
  ],
  "dmode": 0,
  "table": [
    1754.0
  ],
  "rot": [
    -0.0167230144,
    0.00612204,
    0.9998414,
    -0.9997807,
    0.0125044361,
    -0.0167985652,
    -0.0126052946,
    -0.9999031,
    0.005911586
  ],
  "trans": [
    -635.152832,
    28.8842735,
    2718.71826
  ],
  "zero": [
    0.0,
    1000.0
  ],
  "depth": [
    -1143.7983889151885,
    -0.052053672145920007,
    0.959159189884051,
    -1143.7983889151885,
    -0.052053672145920007,
    0.959159189884051
  ],
  "error": [
    1.0642887353897095,
    0.88625365495681763,
    0.055950173555928018
  ],
  "tableUpperLimit": 280,
  "tableDownLimit": -280
}